Workbook

Sheet Scorecard
A2: rounds quality scorecard
A4: Synthetic Massachusetts sample. As of 2026-09-22.
A5: Simplified documentation and data-coverage measures. No certified quality targets or benchmark thresholds.
A7: Measure | B7: Department | C7: Numerator | D7: Denominator | E7: Rate | F7: Scope
A8: 30-day all-cause inpatient return | B8: inpatient | C8: =IF(ISNUMBER(Measures!C8),Measures!C8,"n.a.") -> 175 | D8: =IF(ISNUMBER(Measures!D8),Measures!D8,"n.a.") -> 1922 | E8: =IF(OR(NOT(ISNUMBER(Measures!C8)),NOT(ISNUMBER(Measures!D8))),"n.a.",IF(Measures!D8=0,"n.a.",Measures!C8/Measures!D8)) -> 0.091050989 | F8: Lifetime index admissions
A9: Wellness visit in past year | B9: primary-care | C9: =IF(ISNUMBER(Measures!C9),Measures!C9,"n.a.") -> 1478 | D9: =IF(ISNUMBER(Measures!D9),Measures!D9,"n.a.") -> 1825 | E9: =IF(OR(NOT(ISNUMBER(Measures!C9)),NOT(ISNUMBER(Measures!D9))),"n.a.",IF(Measures!D9=0,"n.a.",Measures!C9/Measures!D9)) -> 0.80986301 | F9: Prior 365 days. Living population.
A10: Diabetes: recent HbA1c recorded | B10: primary-care | C10: =IF(ISNUMBER(Measures!C10),Measures!C10,"n.a.") -> 112 | D10: =IF(ISNUMBER(Measures!D10),Measures!D10,"n.a.") -> 113 | E10: =IF(OR(NOT(ISNUMBER(Measures!C10)),NOT(ISNUMBER(Measures!D10))),"n.a.",IF(Measures!D10=0,"n.a.",Measures!C10/Measures!D10)) -> 0.99115044 | F10: Prior 365 days. Living population.
A11: Hypertension: recent systolic BP recorded | B11: primary-care | C11: =IF(ISNUMBER(Measures!C11),Measures!C11,"n.a.") -> 349 | D11: =IF(ISNUMBER(Measures!D11),Measures!D11,"n.a.") -> 352 | E11: =IF(OR(NOT(ISNUMBER(Measures!C11)),NOT(ISNUMBER(Measures!D11))),"n.a.",IF(Measures!D11=0,"n.a.",Measures!C11/Measures!D11)) -> 0.99147727 | F11: Prior 365 days. Living population.
A12: CKD: recent creatinine recorded | B12: primary-care | C12: =IF(ISNUMBER(Measures!C12),Measures!C12,"n.a.") -> 87 | D12: =IF(ISNUMBER(Measures!D12),Measures!D12,"n.a.") -> 109 | E12: =IF(OR(NOT(ISNUMBER(Measures!C12)),NOT(ISNUMBER(Measures!D12))),"n.a.",IF(Measures!D12=0,"n.a.",Measures!C12/Measures!D12)) -> 0.79816514 | F12: Prior 365 days. Living population.
A13: Obesity: recent BMI recorded | B13: primary-care | C13: =IF(ISNUMBER(Measures!C13),Measures!C13,"n.a.") -> 697 | D13: =IF(ISNUMBER(Measures!D13),Measures!D13,"n.a.") -> 794 | E13: =IF(OR(NOT(ISNUMBER(Measures!C13)),NOT(ISNUMBER(Measures!D13))),"n.a.",IF(Measures!D13=0,"n.a.",Measures!C13/Measures!D13)) -> 0.87783375 | F13: Prior 365 days. Living population.
A14: Adults: recent blood pressure recorded | B14: primary-care | C14: =IF(ISNUMBER(Measures!C14),Measures!C14,"n.a.") -> 1099 | D14: =IF(ISNUMBER(Measures!D14),Measures!D14,"n.a.") -> 1424 | E14: =IF(OR(NOT(ISNUMBER(Measures!C14)),NOT(ISNUMBER(Measures!D14))),"n.a.",IF(Measures!D14=0,"n.a.",Measures!C14/Measures!D14)) -> 0.77176966 | F14: Prior 365 days. Living population.
A15: Adults: recent BMI recorded | B15: primary-care | C15: =IF(ISNUMBER(Measures!C15),Measures!C15,"n.a.") -> 1097 | D15: =IF(ISNUMBER(Measures!D15),Measures!D15,"n.a.") -> 1424 | E15: =IF(OR(NOT(ISNUMBER(Measures!C15)),NOT(ISNUMBER(Measures!D15))),"n.a.",IF(Measures!D15=0,"n.a.",Measures!C15/Measures!D15)) -> 0.77036517 | F15: Prior 365 days. Living population.
A16: Influenza immunization recorded | B16: primary-care | C16: =IF(ISNUMBER(Measures!C16),Measures!C16,"n.a.") -> 1452 | D16: =IF(ISNUMBER(Measures!D16),Measures!D16,"n.a.") -> 1825 | E16: =IF(OR(NOT(ISNUMBER(Measures!C16)),NOT(ISNUMBER(Measures!D16))),"n.a.",IF(Measures!D16=0,"n.a.",Measures!C16/Measures!D16)) -> 0.79561644 | F16: Prior 365 days. Living population.
A17: Readmission follow-up completeness | B17: informatics | C17: =IF(ISNUMBER(Measures!C17),Measures!C17,"n.a.") -> 1922 | D17: =IF(ISNUMBER(Measures!D17),Measures!D17,"n.a.") -> 1969 | E17: =IF(OR(NOT(ISNUMBER(Measures!C17)),NOT(ISNUMBER(Measures!D17))),"n.a.",IF(Measures!D17=0,"n.a.",Measures!C17/Measures!D17)) -> 0.97613002 | F17: Lifetime admission coverage
A19: Each denominator follows its own specification. Rates must not be summed or averaged across measures.
A20: Definitions, exclusions and provenance are in Notes. Empty inputs and zero denominators display n.a.
A22: Observed data checks
A23: 13 of 13 observed-data checks pass. No defects were injected; detection sensitivity was not measured.
A25: Check | B25: Category | C25: Checked rows | D25: Failed rows | E25: Status | F25: Scope
A26: visit_occurrence person link | B26: referential integrity | C26: 290264 | D26: 0 | E26: pass | F26: Observed-data check. No defect injection.
A27: condition_occurrence person link | B27: referential integrity | C27: 170242 | D27: 0 | E27: pass | F27: Observed-data check. No defect injection.
A28: drug_exposure person link | B28: referential integrity | C28: 144423 | D28: 0 | E28: pass | F28: Observed-data check. No defect injection.
A29: procedure_occurrence person link | B29: referential integrity | C29: 858056 | D29: 0 | E29: pass | F29: Observed-data check. No defect injection.
A30: measurement person link | B30: referential integrity | C30: 2061403 | D30: 0 | E30: pass | F30: Observed-data check. No defect injection.
A31: imaging person link | B31: referential integrity | C31: 118428 | D31: 0 | E31: pass | F31: Observed-data check. No defect injection.
A32: immunization person link | B32: referential integrity | C32: 106181 | D32: 0 | E32: pass | F32: Observed-data check. No defect injection.
A33: observation_period person link | B33: referential integrity | C33: 2000 | D33: 0 | E33: pass | F33: Observed-data check. No defect injection.
A34: Encounter date order | B34: temporal validity | C34: 290264 | D34: 0 | E34: pass | F34: Observed-data check. No defect injection.
A35: Unique patient hashes | B35: uniqueness | C35: 2000 | D35: 0 | E35: pass | F35: Observed-data check. No defect injection.
A36: Readmission censoring | B36: outcome validity | C36: 1969 | D36: 0 | E36: pass | F36: Observed-data check. No defect injection.
A37: Numeric measurement parse | B37: completeness | C37: 2061403 | D37: 0 | E37: pass | F37: Observed-data check. No defect injection.
A38: Known encounter classes | B38: conformance | C38: 290264 | D38: 0 | E38: pass | F38: Observed-data check. No defect injection.

Sheet Measures
A2: Measure source values
A4: Source: generated manifest.json. Official Synthea build d9d07a6. Seed 20260923.
A5: Each row represents one aggregate measure. Original numerators, denominators and reported rates are preserved.
A7: Measure ID | B7: Measure | C7: Numerator | D7: Denominator | E7: Source rate | F7: Unit | G7: Department
A8: return30 | B8: 30-day all-cause inpatient return | C8: 175 | D8: 1922 | E8: 0.0911 | F8: % | G8: inpatient
A9: annual-wellness | B9: Wellness visit in past year | C9: 1478 | D9: 1825 | E9: 0.8099 | F9: % | G9: primary-care
A10: diabetes-a1c | B10: Diabetes: recent HbA1c recorded | C10: 112 | D10: 113 | E10: 0.9912 | F10: % | G10: primary-care
A11: hypertension-bp | B11: Hypertension: recent systolic BP recorded | C11: 349 | D11: 352 | E11: 0.9915 | F11: % | G11: primary-care
A12: ckd-creatinine | B12: CKD: recent creatinine recorded | C12: 87 | D12: 109 | E12: 0.7982 | F12: % | G12: primary-care
A13: obesity-bmi | B13: Obesity: recent BMI recorded | C13: 697 | D13: 794 | E13: 0.8778 | F13: % | G13: primary-care
A14: adult-bp | B14: Adults: recent blood pressure recorded | C14: 1099 | D14: 1424 | E14: 0.7718 | F14: % | G14: primary-care
A15: adult-bmi | B15: Adults: recent BMI recorded | C15: 1097 | D15: 1424 | E15: 0.7704 | F15: % | G15: primary-care
A16: flu-record | B16: Influenza immunization recorded | C16: 1452 | D16: 1825 | E16: 0.7956 | F16: % | G16: primary-care
A17: followup-coverage | B17: Readmission follow-up completeness | C17: 1922 | D17: 1969 | E17: 0.9761 | F17: % | G17: informatics

Sheet Notes
A2: Definitions and provenance
A4: Required statement | B4: This is a portfolio demonstration on synthetic data. It is not a medical device, has not been validated for clinical use, and must not be used to make decisions about real patients.
A6: Population | B6: 2,000-patient sample; 2000 patients; 290264 source encounters.
A7: Source | B7: Official Synthea synthetic Massachusetts population
A8: Generation | B8: Seed 20260923. Build d9d07a6. Reference and simulation end 2026-09-22.
A9: Calendar | B9: Patient-level dates shifted by up to 180 days; intervals and observation ends preserved.
A10: Missing values | B10: Unavailable source values remain blank in Measures. Scorecard formulas return n.a. for missing required counts or a zero denominator. A real zero numerator produces a zero rate.
A11: Interpretation | B11: These are simplified, noncertified documentation or data-coverage measures. No benchmark, target, clinical recommendation or comparison against real hospitals is implied.
A12: Recalculation | B12: Scorecard numerators, denominators and rates link to Measures. The rate is numerator divided by denominator. Source rate preserves the rounded manifest value.
A13: Data checks | B13: 13 of 13 observed-data checks pass. No defects were injected; detection sensitivity was not measured.
A14: Terminology | B14: Source-code presence is a completeness measure, not proof of standard OMOP concept mapping.
A15: Privacy | B15: This workbook contains aggregate values only. It contains no patient-level records, pseudonyms or identifiers.
A16: Synthea source | B16: https://github.com/synthetichealth/synthea/releases/tag/master-branch-latest
A18: Measure definitions
A20: 30-day all-cause inpatient return | B20: Simplified all-cause return; no planned-admission algorithm or transfer adjudication. Complete follow-up only. Lifetime index admissions.
A21: Exclusions | B21: Discharge plus 30 days exceeds shifted observation end; death during follow-up. Not CMS-certified.
A23: Wellness visit in past year | B23: Living patients with a recorded wellness encounter in the preceding 365 days.
A24: Exclusions | B24: Deceased patients and missing or out-of-window observations excluded where stated.
A26: Diabetes: recent HbA1c recorded | B26: Simplified documentation measure: living lifetime diabetes cohort with LOINC 4548-4 recorded during the prior 365 days. No clinical adequacy threshold.
A27: Exclusions | B27: Deceased patients and missing or out-of-window observations excluded where stated.
A29: Hypertension: recent systolic BP recorded | B29: Simplified documentation measure: living lifetime hypertension cohort with LOINC 8480-6 recorded during the prior 365 days. No clinical adequacy threshold.
A30: Exclusions | B30: Deceased patients and missing or out-of-window observations excluded where stated.
A32: CKD: recent creatinine recorded | B32: Simplified documentation measure: living lifetime ckd cohort with LOINC 38483-4 recorded during the prior 365 days. No clinical adequacy threshold.
A33: Exclusions | B33: Deceased patients and missing or out-of-window observations excluded where stated.
A35: Obesity: recent BMI recorded | B35: Simplified documentation measure: living lifetime obesity cohort with LOINC 39156-5 recorded during the prior 365 days. No clinical adequacy threshold.
A36: Exclusions | B36: Deceased patients and missing or out-of-window observations excluded where stated.
... A48: Exclusions | B48: No exclusions from admission denominator.
